Cédula,Correo electrónico,Fecha de nacimiento
1102792827,melissa44@example.com,1922-01-04
1102792828,martinezsandra@example.org,1957-11-09
1102792829,cheryl07@example.net,1982-04-17
1102792830,benjaminhayes@example.org,1947-03-23
1102792831,owilliams@example.org,1964-11-08
1102792832,amberjones@example.org,1977-05-12
1102792833,nicoleliu@example.net,1980-03-25
1102792834,jrobles@example.net,1988-01-11
1102792835,jessicapalmer@example.net,1975-08-30
1102792836,christineadkins@example.com,1984-11-12
1102792837,owells@example.com,1988-04-15
1102792838,rangelcarol@example.org,1986-10-08
1102792839,vwilliams@example.org,1935-04-03
1102792840,anthony67@example.org,1944-09-17
1102792841,cheryl41@example.org,2004-03-30
1102792842,christophersmith@example.com,1996-02-23
1102792843,christophertownsend@example.net,1999-12-21
1102792844,vsosa@example.net,1985-08-13
1102792845,utorres@example.org,1913-02-01
1102792846,kristinpayne@example.com,2014-09-17
1102792847,robertshaw@example.org,1925-10-15
1102792848,tiffanyadams@example.net,1970-08-13
1102792849,pageangela@example.org,1975-02-07
1102792850,muellersusan@example.net,1981-07-12
1102792851,chambersdavid@example.org,2008-10-09
1102792852,hcarlson@example.net,1939-01-05
1102792853,perezsarah@example.net,1952-09-26
1102792854,wigginszachary@example.net,1952-07-22
1102792855,ltapia@example.net,1950-11-13
1102792856,gatesbetty@example.org,2016-01-11
1102792857,wwright@example.org,2015-04-13
1102792858,bphillips@example.org,2013-02-21
1102792859,otaylor@example.com,1989-02-24
1102792860,harrisontroy@example.com,1935-01-13
1102792861,lanejulia@example.org,1972-06-15
1102792862,jeffrey04@example.com,1973-11-13
1102792863,gregorybuck@example.net,1920-09-27
1102792864,carmen42@example.org,1925-07-08
1102792865,owelch@example.org,1937-08-27
1102792866,michael07@example.org,1983-07-09
1102792867,marquezlaura@example.org,1957-08-04
1102792868,nelsoncarla@example.com,1913-08-03
1102792869,kevin90@example.org,1989-05-16
1102792870,jperez@example.com,1967-08-06
1102792871,jonathan29@example.org,1964-05-01
1102792872,iwilson@example.com,1982-01-08
1102792873,alexisprice@example.org,1930-07-02
1102792874,stephaniebrown@example.org,2000-11-24
1102792875,ryanodonnell@example.org,1992-08-17
1102792876,joshuaschneider@example.net,1982-07-23
1102792877,rfrancis@example.org,1944-12-13
1102792878,johnpowell@example.net,1923-07-19
1102792879,cmorris@example.net,1923-02-01
1102792880,amurray@example.org,2014-08-24
1102792881,kathryn07@example.com,1912-01-28
1102792882,douglasphillips@example.com,1925-08-05
1102792883,esandoval@example.org,1917-03-31
1102792884,rayhall@example.net,1989-04-26
1102792885,wpatel@example.net,1924-01-04
1102792886,ldickerson@example.org,1935-02-21
1102792887,zgarcia@example.com,1968-07-07
1102792888,dbrown@example.org,1971-07-10
1102792889,ryandavis@example.net,1916-04-12
1102792890,umiddleton@example.org,1934-09-01
1102792891,vfrost@example.org,2002-01-18
1102792892,caroline67@example.net,2022-01-16
1102792893,barbara44@example.net,1935-04-22
1102792894,uwalters@example.com,1928-05-29
1102792895,dylan19@example.com,1938-07-15
1102792896,catherine35@example.com,1925-10-11
1102792897,jessicathompson@example.com,1930-08-11
1102792898,fosterkristen@example.com,2023-08-17
1102792899,copelandshannon@example.com,2019-03-07
1102792900,jenkinsbrian@example.net,1964-06-28
1102792901,dylanday@example.net,2024-02-01
1102792902,lmiller@example.net,1967-03-07
1102792903,lewiskenneth@example.com,1937-12-21
1102792904,chad43@example.net,1984-01-21
1102792905,john70@example.org,1947-08-15
1102792906,lauren12@example.net,1937-08-22
1102792907,pgarcia@example.com,1936-09-24
1102792908,carolynstanley@example.net,1961-04-09
1102792909,keithwerner@example.org,1951-04-22
1102792910,andrea50@example.net,2011-10-16
1102792911,larnold@example.org,1960-07-03
1102792912,travishenderson@example.com,1947-06-08
1102792913,williammckinney@example.net,1975-08-04
1102792914,kaitlyn66@example.org,1981-06-24
1102792915,crystal99@example.com,1924-05-08
1102792916,robertkrueger@example.com,1938-07-15
1102792917,tylermegan@example.net,2003-04-28
1102792918,creed@example.net,1926-11-04
1102792919,brownbrandon@example.org,1965-01-19
1102792920,mark16@example.com,1950-04-30
1102792921,nathan55@example.com,2017-10-14
1102792922,danielle72@example.org,1962-02-02
1102792923,juliesimmons@example.com,1986-01-02
1102792924,derekcameron@example.net,1943-02-05
1102792925,mullinstimothy@example.org,1943-02-01
1102792926,jeffreywilliams@example.net,1986-03-09
1102792927,evansluis@example.org,1944-02-24
1102792928,brianschwartz@example.net,1914-04-07
1102792929,millerdeanna@example.com,1932-05-11
1102792930,jacob64@example.org,2019-08-31
1102792931,davidwilson@example.com,2012-06-04
1102792932,teresa42@example.org,1954-09-24
1102792933,micheleowen@example.com,2013-09-28
1102792934,brian74@example.com,1992-10-08
1102792935,ytucker@example.org,1972-12-02
1102792936,nzuniga@example.org,1963-10-23
1102792937,juliesmith@example.org,1946-07-19
1102792938,cfrye@example.net,1970-01-18
1102792939,qjames@example.net,1910-01-24
1102792940,nicole05@example.com,1908-12-13
1102792941,lsantana@example.net,1995-03-03
1102792942,brittanycarson@example.com,1934-01-05
1102792943,christinajohnston@example.net,1968-03-29
1102792944,evanjohnson@example.org,1985-10-11
1102792945,pdixon@example.com,1994-12-24
1102792946,hernandezronald@example.com,1953-06-30
1102792947,aramos@example.com,1922-11-24
1102792948,adean@example.net,2005-01-06
1102792949,sheri99@example.com,1999-12-09
1102792950,cgonzalez@example.net,1965-07-28
1102792951,scott24@example.net,1959-11-23
1102792952,amyraymond@example.net,1914-01-15
1102792953,richardvazquez@example.org,1930-07-23
1102792954,jhorn@example.com,1943-04-19
1102792955,samuel81@example.org,1982-11-11
1102792956,christopher69@example.org,1983-09-13
1102792957,richard77@example.org,2003-05-07
1102792958,johnsonsharon@example.net,1932-12-12
1102792959,simonsteven@example.net,2011-06-24
1102792960,johnsonjohn@example.net,1949-08-26
1102792961,manuel58@example.net,1987-07-15
1102792962,ryanheather@example.com,1949-08-25
1102792963,nsharp@example.net,1984-01-03
1102792964,mooreeric@example.com,2015-04-26
1102792965,cbaker@example.org,1963-03-05
1102792966,banksashley@example.com,1943-02-27
1102792967,josephrichardson@example.com,1950-10-13
1102792968,martinrick@example.org,2008-03-02
1102792969,paulcole@example.com,1928-09-06
1102792970,scampbell@example.org,1918-09-08
1102792971,bakerandrew@example.com,1942-02-27
1102792972,hernandezkevin@example.org,1954-03-31
1102792973,ylove@example.com,1931-07-29
1102792974,cathy92@example.net,1969-04-23
1102792975,martinezleon@example.com,2007-08-14
1102792976,lauren08@example.com,1973-11-18
1102792977,matthewgrant@example.com,1910-01-09
1102792978,stephanie12@example.com,1926-12-22
1102792979,ryan98@example.org,1916-12-30
1102792980,pamela00@example.com,1910-10-21
1102792981,ybarton@example.net,1954-12-15
1102792982,david66@example.com,1960-02-24
1102792983,mary83@example.net,2018-09-28
1102792984,valdezamanda@example.org,1931-12-28
1102792985,washingtondavid@example.com,1914-07-17
1102792986,courtneyhanson@example.net,1967-10-11
1102792987,lisaphillips@example.org,1946-08-03
1102792988,millersarah@example.org,1984-01-26
1102792989,monique39@example.net,1937-04-10
1102792990,fgomez@example.net,1996-11-11
1102792991,nelsonlinda@example.org,1990-11-10
1102792992,bruceguerra@example.org,1996-04-01
1102792993,ramirezadam@example.net,1973-12-17
1102792994,perkinssheri@example.net,1942-10-17
1102792995,sandra66@example.org,2002-10-28
1102792996,marie20@example.net,1985-11-18
1102792997,lisa28@example.com,1961-08-04
1102792998,nwood@example.org,1909-07-07
1102792999,traviswilliams@example.net,1918-04-22
1102793000,enewton@example.net,1953-09-06
1102793001,gregoryjoseph@example.org,1998-04-17
1102793002,johnny89@example.com,1994-03-03
1102793003,smithcheryl@example.org,2020-06-10
1102793004,rrowe@example.com,1978-09-29
1102793005,jose30@example.com,1939-06-02
1102793006,virginiajames@example.net,2006-04-20
1102793007,tammie69@example.net,2012-10-14
1102793008,justinmay@example.org,1993-10-22
1102793009,hannah52@example.com,1934-12-03
1102793010,zhendricks@example.net,1919-07-20
1102793011,piercejennifer@example.net,1963-03-08
1102793012,jamesroberts@example.org,2000-11-21
1102793013,thomas80@example.org,1956-02-26
1102793014,allenleslie@example.com,2001-08-13
1102793015,scolon@example.org,1988-05-26
1102793016,charrell@example.com,1971-03-04
1102793017,jessica54@example.org,1959-03-19
1102793018,garrettbrett@example.com,2016-04-21
1102793019,sbriggs@example.com,1916-08-10
1102793020,braunelizabeth@example.net,1967-10-02
1102793021,sdavis@example.com,1933-04-17
1102793022,arnoldlisa@example.com,2004-02-26
1102793023,castrobilly@example.net,1917-02-20
1102793024,kristine31@example.com,2012-05-21
1102793025,tonyharrison@example.org,1989-01-25
1102793026,kristina94@example.net,1959-08-14
1102793027,fblake@example.net,1954-09-18
1102793028,youngkristy@example.com,1997-03-06
1102793029,petersonkayla@example.org,1991-02-06
1102793030,john11@example.org,1957-03-03
1102793031,fowlermichelle@example.org,1968-01-28
1102793032,andersonchristine@example.net,1913-07-05
1102793033,elizabethliu@example.net,1966-07-13
1102793034,ihernandez@example.com,1991-05-19
1102793035,uharding@example.org,1978-05-12
1102793036,reedmelvin@example.com,1987-04-28
1102793037,nancy47@example.com,1977-10-13
1102793038,walterserin@example.net,1974-05-16
1102793039,angela57@example.org,1988-01-04
1102793040,rodriguezcurtis@example.org,2021-03-16
1102793041,barbara59@example.org,1992-12-15
1102793042,coxwillie@example.net,1924-04-08
1102793043,hwalter@example.org,2014-04-27
1102793044,alexisgreene@example.org,1987-06-12
1102793045,pdickerson@example.net,1985-03-20
1102793046,asanders@example.com,1965-03-22
1102793047,lewiskristin@example.org,1974-04-29
1102793048,cervanteschristopher@example.com,1952-09-29
1102793049,npierce@example.net,1953-11-06
1102793050,tonya34@example.org,1995-12-06
1102793051,daustin@example.net,1959-01-25
1102793052,whubbard@example.org,1915-09-24
1102793053,tammyyoung@example.org,1932-06-23
1102793054,shannonmeadows@example.com,1949-09-06
1102793055,jenkinsmichele@example.net,1988-12-06
1102793056,zhernandez@example.com,1942-04-09
1102793057,andrew99@example.net,1967-06-04
1102793058,stephen14@example.net,1946-07-25
1102793059,kglenn@example.org,1912-07-30
1102793060,bradwilliams@example.org,1924-01-18
1102793061,marc97@example.org,2006-03-21
1102793062,cummingsmary@example.org,1933-10-10
1102793063,oclark@example.com,2022-07-17
1102793064,lmoore@example.org,1938-04-09
1102793065,bhernandez@example.net,1929-10-31
1102793066,beckerkaitlyn@example.org,1919-10-17
1102793067,timothy19@example.org,1975-07-01
1102793068,romeromichael@example.com,1991-08-11
1102793069,harrisjennifer@example.net,1953-08-13
1102793070,andreamosley@example.net,2020-11-20
1102793071,mfoster@example.com,2008-10-04
1102793072,juliedavis@example.org,1985-04-30
1102793073,donald31@example.org,1991-03-08
1102793074,xhenry@example.com,1940-09-11
1102793075,bdixon@example.net,2001-09-09
1102793076,deborahfranklin@example.net,2021-03-05
1102793077,lindarussell@example.org,2000-06-01
1102793078,nancycraig@example.org,1946-08-28
1102793079,christophervincent@example.org,2022-10-27
1102793080,vjones@example.net,1991-06-05
1102793081,bridgetsmith@example.net,1915-04-06
1102793082,stacie85@example.org,1936-08-13
1102793083,mariadavis@example.org,2008-11-16
1102793084,dmontgomery@example.com,1953-09-27
1102793085,maryjohnson@example.com,2017-12-05
1102793086,mrodriguez@example.com,2006-01-20
1102793087,jennaramos@example.org,2014-07-02
1102793088,williamsjustin@example.com,1948-12-03
1102793089,waguirre@example.net,1934-10-31
1102793090,kevin83@example.net,1997-02-06
1102793091,brandon27@example.com,1961-11-25
1102793092,ivalenzuela@example.net,2017-10-05
1102793093,clarkadam@example.com,1924-08-25
1102793094,robert21@example.com,1945-07-25
1102793095,angela92@example.com,1967-11-22
1102793096,keith65@example.com,1978-11-02
1102793097,vkelly@example.org,1964-01-29
1102793098,bstewart@example.net,1917-03-27
1102793099,qramirez@example.com,1978-08-01
1102793100,twhite@example.net,1988-08-07
1102793101,johnsonpamela@example.net,1961-12-31
1102793102,hickmanrachel@example.org,1998-02-20
1102793103,waltonkevin@example.net,2012-09-02
1102793104,brittany94@example.org,1959-11-17
1102793105,shawconnie@example.com,1974-08-29
1102793106,wmccormick@example.com,2020-10-22
1102793107,riosmelanie@example.net,1957-05-18
1102793108,sphillips@example.com,1936-01-12
1102793109,lisasullivan@example.org,2023-04-29
1102793110,schmidtlisa@example.net,1984-10-28
1102793111,kathleen49@example.org,1924-04-12
1102793112,hphillips@example.org,2019-01-24
1102793113,wcruz@example.org,1958-11-04
1102793114,stephanie65@example.net,1960-02-26
1102793115,barrychristopher@example.net,1985-08-28
1102793116,priceshelby@example.net,2018-08-08
1102793117,vtucker@example.net,1916-03-18
1102793118,john40@example.org,1979-02-03
1102793119,daniel21@example.com,1922-01-14
1102793120,davisjennifer@example.net,1954-08-10
1102793121,jilllucas@example.org,1977-10-14
1102793122,rodriguezdavid@example.com,2002-01-09
1102793123,douglasmorales@example.net,1981-06-06
1102793124,teresalutz@example.net,1977-04-23
1102793125,griffintracy@example.com,1922-03-11
1102793126,palmerbarbara@example.com,1979-09-21
1102793127,evanknight@example.net,2015-03-27
1102793128,amberwu@example.org,1978-12-17
1102793129,jesse28@example.org,1965-04-11
1102793130,brianna15@example.com,2000-02-13
1102793131,davischristopher@example.net,1995-07-15
1102793132,carrkimberly@example.org,1954-05-05
1102793133,edwardstewart@example.net,1991-07-24
1102793134,scook@example.com,1975-04-13
1102793135,meghancrawford@example.com,1917-04-18
1102793136,bennettwilliam@example.net,1927-11-12
1102793137,maryjohnson@example.com,1920-06-18
1102793138,currymatthew@example.org,1962-10-26
1102793139,lthomas@example.com,1997-01-17
1102793140,ywalker@example.com,1932-01-04
1102793141,michelle39@example.org,1949-07-07
1102793142,carterjonathan@example.net,1967-03-23
1102793143,heather54@example.net,1922-09-21
1102793144,nelsonsarah@example.com,2022-03-13
1102793145,sarah85@example.com,2010-09-22
1102793146,michelelewis@example.org,1977-05-21
1102793147,phyllis87@example.net,1935-05-22
1102793148,hartmanjames@example.com,1910-04-13
1102793149,emilybrooks@example.com,2010-03-25
1102793150,christian28@example.com,1965-09-05
1102793151,martinchristine@example.net,1964-09-26
1102793152,laurenfoley@example.net,1963-12-22
1102793153,henrywilliams@example.net,1929-02-01
1102793154,richardmartin@example.org,2008-07-08
1102793155,kreid@example.org,1977-03-05
1102793156,kelly14@example.org,2020-05-01
1102793157,meyerbrandon@example.org,1924-04-05
1102793158,ashleylopez@example.org,1947-05-23
1102793159,jmercer@example.net,2002-07-06
1102793160,allison41@example.net,1970-11-20
1102793161,leejudith@example.org,1931-01-11
1102793162,juanstewart@example.com,2023-12-02
1102793163,ambersutton@example.net,1955-08-09
1102793164,curtiselizabeth@example.org,1958-05-13
1102793165,fburke@example.net,1975-08-15
1102793166,liangela@example.net,1973-10-03
1102793167,tanneramy@example.com,1953-09-06
1102793168,etorres@example.com,1990-07-04
1102793169,christopher09@example.net,1947-06-27
1102793170,wesley02@example.com,1915-12-03
1102793171,markrobinson@example.net,1985-03-28
1102793172,rachel09@example.net,1958-08-28
1102793173,deborahcooper@example.org,1993-08-28
1102793174,millertimothy@example.org,1986-09-30
1102793175,brenda89@example.org,1914-11-23
1102793176,meganscott@example.net,1939-02-16
1102793177,julie85@example.org,2001-01-17
1102793178,ryanhayes@example.com,1911-05-22
1102793179,donnabriggs@example.com,1992-08-23
1102793180,ortizdana@example.org,1924-04-21
1102793181,jack02@example.net,1941-02-05
1102793182,npeck@example.com,1949-03-31
1102793183,larmstrong@example.org,1973-01-04
1102793184,harrisbenjamin@example.com,1909-02-14
1102793185,mary07@example.org,2005-07-13
1102793186,oadkins@example.com,1917-09-20
1102793187,zhogan@example.net,1957-08-05
1102793188,fitzgeraldfrederick@example.com,1965-06-21
1102793189,fgraves@example.net,1928-10-16
1102793190,palmergabriel@example.com,1999-09-18
1102793191,deborahmorris@example.net,1992-03-18
1102793192,pwebb@example.net,2009-06-17
1102793193,qriley@example.org,1960-01-04
1102793194,bsimpson@example.org,1995-08-23
1102793195,macdonaldjames@example.org,1938-12-05
1102793196,laurafarrell@example.org,1939-01-13
1102793197,zmartinez@example.com,1954-06-24
1102793198,mayeradam@example.net,1911-02-11
1102793199,kalvarado@example.net,1972-07-11
1102793200,ramirezlarry@example.org,1910-07-11
1102793201,steven35@example.com,1955-09-24
1102793202,julie83@example.net,1920-12-12
1102793203,ericaosborn@example.org,1990-11-16
1102793204,christine56@example.org,1921-02-20
1102793205,victoriaferguson@example.org,1955-01-16
1102793206,williamellison@example.com,1913-02-18
1102793207,michaelorozco@example.com,1912-01-23
1102793208,cvillegas@example.net,1929-09-11
1102793209,gomezbrian@example.net,1935-02-04
1102793210,joshua67@example.net,1936-01-14
1102793211,davismonica@example.org,1996-11-05
1102793212,kathrynhale@example.org,1932-12-31
1102793213,ochapman@example.com,1947-04-20
1102793214,sdavidson@example.net,2017-10-06
1102793215,qlang@example.net,1956-05-02
1102793216,hoffmaneric@example.net,1919-02-19
1102793217,ayalabryan@example.net,1911-10-20
1102793218,thomas82@example.org,1989-02-24
1102793219,bradley67@example.org,1973-08-02
1102793220,ellisrick@example.net,2021-02-06
1102793221,shawnmueller@example.com,2021-06-09
1102793222,johnsonhenry@example.com,1959-12-23
1102793223,taylorandrew@example.com,2001-09-01
1102793224,danielthomas@example.com,1977-12-03
1102793225,jennifer83@example.org,1984-01-31
1102793226,pmartin@example.com,1957-03-31
1102793227,charlesadkins@example.org,1982-08-10
1102793228,mreed@example.net,1946-09-09
1102793229,virginia70@example.com,2008-09-23
1102793230,nthomas@example.com,1983-01-03
1102793231,grossjacqueline@example.net,1971-06-11
1102793232,baxterdavid@example.org,2020-06-19
1102793233,riverarussell@example.org,1984-08-20
1102793234,alexhill@example.org,1922-04-28
1102793235,mark62@example.org,2007-07-20
1102793236,oneillshelley@example.com,1952-10-07
1102793237,hillsean@example.com,1998-06-06
1102793238,michaelryan@example.net,2017-11-20
1102793239,tarahoffman@example.org,1918-12-02
1102793240,woconnell@example.org,1937-11-16
1102793241,victoriahill@example.org,1969-08-12
1102793242,gdixon@example.org,2008-11-24
1102793243,james38@example.org,1955-05-18
1102793244,nancyhernandez@example.org,1951-06-03
1102793245,cgriffith@example.org,1934-03-14
1102793246,djuarez@example.com,2006-09-28
1102793247,bradshawsean@example.net,2017-10-25
1102793248,natalie00@example.net,2016-03-27
1102793249,vanessaaguilar@example.net,1983-02-07
1102793250,timothy70@example.com,1985-10-25
1102793251,ccunningham@example.com,2017-04-23
1102793252,darinpadilla@example.org,1958-10-24
1102793253,brownscott@example.com,1912-06-04
1102793254,kochchristopher@example.org,1928-01-02
1102793255,ross37@example.com,1984-08-04
1102793256,julie17@example.com,2018-03-21
1102793257,gordonjeff@example.net,1961-04-01
1102793258,jeanettemay@example.org,1979-03-03
1102793259,sherrisims@example.net,2018-03-12
1102793260,vthomas@example.com,1940-03-23
1102793261,amywise@example.org,2016-08-29
1102793262,bshields@example.net,1972-02-12
1102793263,tiffanycollins@example.com,1910-06-24
1102793264,crystal53@example.com,1994-07-29
1102793265,jessicajones@example.com,1929-05-12
1102793266,kerry44@example.net,1963-09-19
1102793267,deniseclark@example.com,1929-01-21
1102793268,tommy70@example.com,1989-04-16
1102793269,gregorymatthews@example.net,1940-09-24
1102793270,atucker@example.org,1997-08-07
1102793271,rowemadison@example.org,1909-10-06
1102793272,kyle29@example.net,1965-10-23
1102793273,theresa95@example.org,1912-01-14
1102793274,cathy83@example.org,1913-11-29
1102793275,bbaker@example.org,1963-01-30
1102793276,katieharris@example.org,2013-11-21
1102793277,alexandra32@example.net,1918-12-14
1102793278,velezjill@example.net,1908-06-19
1102793279,rgutierrez@example.org,2008-04-18
1102793280,brandonmayer@example.net,2009-12-28
1102793281,dustin57@example.org,1976-03-26
1102793282,qkennedy@example.org,1917-09-28
1102793283,daniel48@example.net,1996-10-12
1102793284,johnguerrero@example.net,1961-03-26
1102793285,smithjerry@example.net,2002-02-12
1102793286,thomasalejandro@example.com,2006-08-05
1102793287,hurleymarissa@example.org,1971-10-02
1102793288,brettlawson@example.com,1996-10-29
1102793289,kimberly82@example.com,1976-09-06
1102793290,gonzalesanna@example.com,1964-04-27
1102793291,sawyeralexandra@example.org,1983-06-19
1102793292,aespinoza@example.com,1925-12-12
1102793293,sbanks@example.com,2022-04-30
1102793294,erik03@example.com,1911-02-10
1102793295,qfields@example.org,1909-07-01
1102793296,franklinthomas@example.net,1981-04-19
1102793297,ashleyrichardson@example.org,1981-10-25
1102793298,javier06@example.net,2016-07-16
1102793299,wallacecody@example.net,1964-06-19
1102793300,xwall@example.com,1980-11-08
1102793301,derekmoreno@example.net,1918-06-15
1102793302,klinemegan@example.org,1977-02-03
1102793303,ushort@example.com,1919-10-04
1102793304,amanda63@example.net,1970-08-21
1102793305,kristen25@example.com,1945-03-02
1102793306,russell42@example.net,2012-03-03
1102793307,mayermitchell@example.net,1998-12-31
1102793308,frederickparker@example.net,1937-04-01
1102793309,ymoore@example.net,1927-11-30
1102793310,iwoodard@example.net,1940-08-03
1102793311,qbrooks@example.org,1976-06-09
1102793312,mharper@example.net,1967-05-30
1102793313,moralesjohn@example.net,1944-02-04
1102793314,bryanchristine@example.com,2008-08-21
1102793315,xjimenez@example.com,1924-08-01
1102793316,zyoung@example.net,1996-08-23
1102793317,rebecca16@example.net,1928-09-23
1102793318,caleb71@example.com,1959-06-02
1102793319,ayork@example.org,2005-10-16
1102793320,pennyfernandez@example.net,1932-03-05
1102793321,leonjennifer@example.net,1982-07-23
1102793322,frances57@example.net,1916-03-14
1102793323,michellecarter@example.com,1911-07-19
1102793324,robertotorres@example.net,1962-08-14
1102793325,danieljohnson@example.org,1970-02-07
1102793326,caitlingarcia@example.net,2004-12-14
1102793327,melissa91@example.com,2020-11-08
1102793328,stanleyrandy@example.net,2000-07-19
1102793329,kristen14@example.com,1913-03-31
1102793330,walkermichael@example.org,1940-07-13
1102793331,kevin95@example.net,1909-07-28
1102793332,osmith@example.org,1999-05-21
1102793333,jacqueline93@example.com,1986-11-30
1102793334,danthony@example.org,1948-01-20
1102793335,smithmelissa@example.com,2002-07-21
1102793336,ahernandez@example.net,1949-04-01
1102793337,parksjonathon@example.net,2020-01-22
1102793338,kryan@example.net,1917-10-25
1102793339,dawnkline@example.org,1934-10-29
1102793340,derekreynolds@example.org,1977-01-06
1102793341,bettybright@example.com,1963-07-21
1102793342,zachary35@example.net,2018-03-03
1102793343,jamescase@example.net,2013-10-22
1102793344,peterhammond@example.net,1957-05-21
1102793345,melodythornton@example.org,1968-02-28
1102793346,paulascott@example.net,1958-01-23
1102793347,enelson@example.net,1909-04-27
1102793348,wmcclain@example.org,2021-07-23
1102793349,jcastillo@example.com,2016-03-25
1102793350,stanleygarrett@example.com,1953-10-28
1102793351,freemanallen@example.net,1912-09-09
1102793352,florestimothy@example.org,1990-07-13
1102793353,rodriguezmichael@example.org,1942-07-31
1102793354,chad67@example.com,1968-11-22
1102793355,hamiltonjacqueline@example.org,1975-04-17
1102793356,sjames@example.com,2001-09-06
1102793357,kayla62@example.net,1919-02-10
1102793358,rachel02@example.com,2023-11-29
1102793359,beverly77@example.org,2017-06-29
1102793360,gina40@example.com,1932-01-26
1102793361,wisejoel@example.com,1911-09-06
1102793362,portershaun@example.net,1947-12-22
1102793363,rcarroll@example.com,2010-06-08
1102793364,monique20@example.net,1984-12-10
1102793365,bradleymegan@example.com,2022-10-19
1102793366,mcneilamanda@example.org,2021-11-07
1102793367,ericallen@example.net,1939-04-30
1102793368,wendy90@example.com,1956-11-17
1102793369,jessicawatson@example.com,1922-04-12
1102793370,cfigueroa@example.com,1928-04-02
1102793371,jose56@example.com,1929-07-04
1102793372,andersonaaron@example.org,1915-05-24
1102793373,butlerbarbara@example.org,1930-06-28
1102793374,hsimon@example.net,1982-12-12
1102793375,jameswilliam@example.com,1936-05-29
1102793376,faith16@example.net,1989-10-12
1102793377,wrightbrian@example.com,1981-01-17
1102793378,rmullins@example.com,2008-12-26
1102793379,jamescollins@example.com,1992-12-12
1102793380,dustinsmith@example.net,1965-08-19
1102793381,brian77@example.net,1921-07-14
1102793382,emartin@example.com,1971-09-30
1102793383,sbradley@example.org,1952-09-02
1102793384,roberthouston@example.com,2000-01-15
1102793385,kelly51@example.org,1987-07-13
1102793386,hmiller@example.org,1910-09-04
1102793387,meyerlatasha@example.net,1954-05-03
1102793388,christophermartinez@example.net,1997-01-02
1102793389,bwalker@example.com,2005-03-04
1102793390,wilkinsbrittany@example.com,1910-09-24
1102793391,mmitchell@example.net,1960-06-25
1102793392,qgutierrez@example.net,1973-06-12
1102793393,vanessaavila@example.com,1963-09-23
1102793394,rkelly@example.com,1995-01-31
1102793395,douglas14@example.net,1988-02-18
1102793396,shannon39@example.net,1993-07-02
1102793397,brian79@example.org,2010-09-05
1102793398,sharonlopez@example.net,2012-10-05
1102793399,gscott@example.org,1993-07-25
1102793400,cgraves@example.com,1976-08-19
1102793401,gbuchanan@example.net,1912-12-23
1102793402,rhonda89@example.com,1997-09-12
1102793403,kschneider@example.net,1960-05-31
1102793404,whitebrett@example.org,1981-01-23
1102793405,rodriguezkristine@example.net,1923-06-06
1102793406,crobinson@example.org,2003-11-19
1102793407,nguyenmatthew@example.org,2021-11-27
1102793408,ymartin@example.net,1926-11-09
1102793409,stephaniemiller@example.com,1968-06-24
1102793410,msanders@example.com,2004-07-17
1102793411,derekjames@example.org,1983-10-28
1102793412,christopher12@example.org,1925-01-15
1102793413,whitesarah@example.org,1966-06-28
1102793414,swansonpatricia@example.org,1945-07-18
1102793415,lewiskevin@example.org,1947-05-17
1102793416,leonardgerald@example.net,1999-03-02
1102793417,victorpark@example.net,2006-10-15
1102793418,robert83@example.net,1926-02-01
1102793419,cynthia62@example.com,1970-05-30
1102793420,upeters@example.org,1999-05-20
1102793421,pateldebra@example.com,1980-03-19
1102793422,mrodriguez@example.net,2022-10-07
1102793423,hallmichael@example.net,1947-04-24
1102793424,smithmatthew@example.org,1928-12-27
1102793425,nsmith@example.com,1961-06-29
1102793426,hollyleonard@example.org,1925-02-08
1102793427,qmartin@example.com,1909-07-29
1102793428,nlawrence@example.net,1967-10-19
1102793429,cliu@example.net,1913-04-01
1102793430,lwagner@example.com,1993-04-04
1102793431,vpeck@example.net,1960-02-01
1102793432,cassandradaniel@example.net,1986-01-03
1102793433,knappanne@example.com,2020-09-09
1102793434,riverskerri@example.org,2015-02-21
1102793435,mitchelllaura@example.com,2003-01-12
1102793436,sally19@example.net,1930-11-12
1102793437,williamstrickland@example.org,1932-05-23
1102793438,kevincollins@example.net,1909-04-12
1102793439,christina93@example.net,1979-08-12
1102793440,justinkane@example.org,1943-08-28
1102793441,amanda58@example.org,2015-01-13
1102793442,bphillips@example.org,2001-11-24
1102793443,johnsonbrett@example.com,1944-10-15
1102793444,wvaldez@example.net,1908-12-03
1102793445,alicia96@example.net,2022-02-22
1102793446,qbenton@example.org,1918-10-17
1102793447,elyons@example.com,1940-10-18
1102793448,susan37@example.org,1916-07-19
1102793449,harriswhitney@example.org,2019-01-08
1102793450,alexisgardner@example.org,1941-05-07
1102793451,qodonnell@example.org,1979-02-18
1102793452,ericandersen@example.com,2008-10-17
1102793453,charles75@example.org,1929-02-14
1102793454,katherine93@example.net,1977-02-28
1102793455,christinesherman@example.net,1945-01-02
1102793456,emily74@example.org,1930-05-06
1102793457,darnold@example.net,1994-05-26
1102793458,rodney07@example.org,2015-08-05
1102793459,jacobsmegan@example.org,1969-09-28
1102793460,jacob59@example.org,1946-04-27
1102793461,ymckenzie@example.org,1951-04-25
1102793462,peter76@example.com,2003-05-31
1102793463,joncollins@example.com,1954-05-28
1102793464,valenciaandrew@example.net,2014-09-02
1102793465,samanthamcknight@example.org,1918-02-20
1102793466,murraybenjamin@example.net,1931-05-14
1102793467,benjaminkimberly@example.com,1950-02-12
1102793468,youngapril@example.org,2005-03-27
1102793469,aliciasmith@example.org,1994-10-28
1102793470,anita18@example.com,1948-02-14
1102793471,suzannejuarez@example.net,2006-05-27
1102793472,ericarhodes@example.com,2010-09-25
1102793473,awhite@example.com,2004-07-10
1102793474,schwartzronald@example.com,2012-06-08
1102793475,ashleylee@example.com,2009-12-03
1102793476,fjacobs@example.net,1938-07-14
1102793477,reidjose@example.net,2013-05-23
1102793478,jessicahopkins@example.com,1997-07-20
1102793479,garymitchell@example.com,1985-01-09
1102793480,regina34@example.net,1962-08-03
1102793481,leenathan@example.org,1950-12-23
1102793482,scottorr@example.net,1943-02-03
1102793483,crawfordjeffrey@example.net,2005-02-21
1102793484,oelliott@example.org,1951-10-31
1102793485,osbornsherry@example.com,1942-09-22
1102793486,michaelsmith@example.com,1933-08-27
1102793487,jameschurch@example.org,2004-10-23
1102793488,deandavid@example.com,2004-07-20
1102793489,pstevens@example.net,1975-07-17
1102793490,laurie59@example.org,1965-08-16
1102793491,carlsonerin@example.org,2020-09-17
1102793492,browntracy@example.com,2020-10-18
1102793493,qjames@example.org,1978-07-19
1102793494,jeffrey47@example.net,2008-05-01
1102793495,stewartjohnny@example.com,1952-09-08
1102793496,jonesthomas@example.com,2009-08-25
1102793497,ashleypitts@example.org,1957-03-06
1102793498,daniel61@example.com,1997-04-03
1102793499,jill21@example.com,1940-10-18
1102793500,zjackson@example.net,1986-02-07
1102793501,michaelaguilar@example.net,1939-06-28
1102793502,madison02@example.com,1986-06-22
1102793503,robin58@example.com,1942-05-17
1102793504,smithjeffrey@example.org,1958-08-23
1102793505,pclark@example.net,1985-12-13
1102793506,amueller@example.net,1971-01-23
1102793507,ethompson@example.net,1930-02-07
1102793508,christian23@example.com,2024-02-27
1102793509,ashleymary@example.com,1934-12-22
1102793510,brittany14@example.net,1935-07-11
1102793511,martinezadam@example.net,1967-04-24
1102793512,margaretspencer@example.net,1925-04-07
1102793513,peter78@example.org,2017-09-04
1102793514,barbarataylor@example.org,1960-08-26
1102793515,igibson@example.com,1946-04-23
1102793516,lanethomas@example.net,1980-07-07
1102793517,xrodriguez@example.net,1932-02-24
1102793518,llane@example.com,1978-07-16
1102793519,usmith@example.net,2010-02-18
1102793520,collinsanna@example.net,1946-02-16
1102793521,wareallison@example.net,1951-05-15
1102793522,dowens@example.com,1999-03-25
1102793523,nwells@example.com,1966-09-14
1102793524,williamsjoshua@example.org,2001-02-07
1102793525,hubbardtracy@example.com,1983-07-06
1102793526,sharon98@example.com,1930-02-25
1102793527,jessicahernandez@example.net,1918-01-24
1102793528,hullwesley@example.org,1967-10-13
1102793529,ualvarado@example.net,1939-02-05
1102793530,harrismichael@example.net,2023-03-30
1102793531,zacharyconner@example.org,1975-05-09
1102793532,tammymiller@example.com,1928-05-29
1102793533,zcampbell@example.org,1935-09-29
1102793534,robertbarrett@example.org,1916-06-02
1102793535,james82@example.com,1974-08-29
1102793536,lisa16@example.com,1939-10-15
1102793537,campbelladriana@example.com,1956-12-06
1102793538,rwagner@example.net,1978-12-26
1102793539,jtucker@example.com,1921-03-22
1102793540,cooperaaron@example.com,2021-06-17
1102793541,tracy98@example.net,1988-03-27
1102793542,shannonjefferson@example.org,1963-03-18
1102793543,anthony86@example.net,1965-06-30
1102793544,claudia38@example.org,1940-12-08
1102793545,kim77@example.net,1935-01-12
1102793546,hensleyryan@example.net,1969-04-14
1102793547,davidlowe@example.net,1989-03-03
1102793548,aramirez@example.org,1970-10-11
1102793549,kristinmoran@example.net,2017-04-05
1102793550,susanadams@example.com,1956-03-24
1102793551,stephenbutler@example.net,1960-05-15
1102793552,carlaodonnell@example.org,1957-07-11
1102793553,isabelmelton@example.net,1929-05-16
1102793554,patrickbennett@example.net,1929-12-21
1102793555,timothy07@example.net,1928-08-11
1102793556,websteralfred@example.com,1918-04-11
1102793557,xmorris@example.com,1985-04-22
1102793558,franklintimothy@example.org,1910-08-25
1102793559,wallacematthew@example.com,2008-08-21
1102793560,gabriel40@example.org,1960-06-27
1102793561,rvargas@example.com,1927-06-22
1102793562,albert09@example.org,1956-05-21
1102793563,carrie17@example.org,1974-08-11
1102793564,dana43@example.net,1921-10-31
1102793565,erin15@example.net,2006-09-15
1102793566,sjones@example.net,1910-01-29
1102793567,orrveronica@example.org,2018-09-28
1102793568,leachtracy@example.net,1911-08-21
1102793569,patrick32@example.net,1938-08-28
1102793570,raymond67@example.org,2022-01-24
1102793571,reidsarah@example.org,1980-01-30
1102793572,mariamarks@example.com,1914-03-06
1102793573,rebekah06@example.com,1970-09-21
1102793574,smithlisa@example.net,1914-09-16
1102793575,brentserrano@example.com,1996-03-31
1102793576,richmondtimothy@example.net,1961-09-02
1102793577,teresa77@example.net,1935-09-13
1102793578,shannon03@example.com,1965-01-21
1102793579,johnsonmary@example.net,1915-01-23
1102793580,jaredowen@example.org,2003-09-23
1102793581,stoutchristopher@example.org,1976-01-05
1102793582,rwall@example.com,1923-11-25
1102793583,rothmaria@example.com,2010-09-15
1102793584,nelsonbruce@example.com,1920-08-21
1102793585,qpreston@example.net,1929-07-03
1102793586,hollymartinez@example.net,1993-07-27
1102793587,moranlisa@example.net,1989-05-22
1102793588,masoncarol@example.com,2005-11-28
1102793589,richard92@example.org,1934-10-19
1102793590,vward@example.org,1962-07-02
1102793591,lbarrett@example.org,2005-12-02
1102793592,thomasalyssa@example.org,1909-07-05
1102793593,grace47@example.com,2016-03-17
1102793594,benitezryan@example.net,1991-08-07
1102793595,veronicaray@example.com,1969-12-09
1102793596,jonathanyang@example.com,1994-12-05
1102793597,frederickrobert@example.com,1911-11-27
1102793598,jean38@example.org,1939-09-07
1102793599,beth34@example.com,1946-11-14
1102793600,rebecca70@example.net,1980-09-22
1102793601,brandi72@example.net,1974-09-16
1102793602,mccarthytodd@example.com,1914-07-05
1102793603,emily86@example.com,1948-01-19
1102793604,shane98@example.org,1996-10-11
1102793605,christopherliu@example.com,1921-07-25
1102793606,ymcdonald@example.com,1940-04-02
1102793607,michaelhickman@example.org,2009-01-30
1102793608,squinn@example.net,1950-06-08
1102793609,curtisjeffrey@example.com,1963-03-12
1102793610,carly25@example.com,1910-12-14
1102793611,hhaas@example.net,1956-06-06
1102793612,andersonwillie@example.org,1947-05-14
1102793613,richard43@example.net,1962-04-02
1102793614,lisa08@example.org,1952-06-20
1102793615,derrickchavez@example.com,1982-09-09
1102793616,susanclark@example.com,2010-06-15
1102793617,omayo@example.net,1915-03-13
1102793618,goodmankevin@example.org,1960-08-08
1102793619,claytonelizabeth@example.net,1920-10-31
1102793620,michaelmccall@example.org,1920-06-06
1102793621,pamela74@example.com,1923-08-13
1102793622,aguilarchristopher@example.net,1950-01-06
1102793623,lekatherine@example.net,1927-09-10
1102793624,sherri83@example.com,1928-09-04
1102793625,adambrock@example.net,1962-09-28
1102793626,rodriguezjulie@example.net,1948-09-16
1102793627,jessicagreen@example.org,1911-02-23
1102793628,amandasmith@example.org,1910-05-10
1102793629,david39@example.org,1921-12-22
1102793630,qmcdonald@example.net,2004-11-17
1102793631,zmiller@example.com,1988-03-11
1102793632,lindseysmith@example.com,1918-05-21
1102793633,matthewking@example.com,2000-01-15
1102793634,fwilliams@example.com,1966-08-10
1102793635,krista10@example.org,1945-05-13
1102793636,amandafranklin@example.org,1933-10-01
1102793637,dixonbrandon@example.com,1913-08-18
1102793638,blackburnjennifer@example.net,2016-09-27
1102793639,griffinjacob@example.org,1956-03-06
1102793640,newtonryan@example.com,1930-07-29
1102793641,brianwarren@example.net,1999-04-25
1102793642,bentonlaura@example.net,1952-09-27
1102793643,sarah26@example.net,2009-07-06
1102793644,richard54@example.com,1959-03-31
1102793645,danielslouis@example.org,1943-02-07
1102793646,tamaradean@example.com,1934-11-24
1102793647,perezjames@example.org,1955-12-28
1102793648,sabrinawalker@example.com,2001-04-21
1102793649,scott46@example.net,2000-10-15
1102793650,ngreen@example.com,1993-10-08
1102793651,aaronhess@example.org,1981-09-09
1102793652,jonesrobert@example.net,2011-03-29
1102793653,jhaynes@example.com,1937-05-29
1102793654,prosario@example.net,1948-05-02
1102793655,lnelson@example.net,1991-04-01
1102793656,billellis@example.net,2016-08-17
1102793657,athomas@example.com,1950-04-13
1102793658,monica79@example.com,1916-05-27
1102793659,colejason@example.net,1993-06-28
1102793660,sanfordmelinda@example.net,1954-03-17
1102793661,ddavis@example.org,2013-03-28
1102793662,timothy81@example.org,1951-12-20
1102793663,melissa30@example.org,1951-10-11
1102793664,william49@example.org,1919-12-09
1102793665,qharmon@example.org,1965-06-04
1102793666,ofox@example.com,1921-08-11
1102793667,vjohnson@example.net,2002-12-03
1102793668,pmcintosh@example.org,1981-05-19
1102793669,thughes@example.org,1918-08-27
1102793670,oorr@example.org,1913-09-25
1102793671,roberthunt@example.org,2008-01-13
1102793672,ehamilton@example.net,2013-07-01
1102793673,josephblack@example.org,1989-02-05
1102793674,basslaurie@example.net,1913-05-01
1102793675,bradley02@example.net,1968-12-24
1102793676,johnsonzachary@example.org,1920-03-29
1102793677,carolynwells@example.net,1943-12-03
1102793678,angela32@example.net,1910-09-24
1102793679,reginaldhiggins@example.net,1910-10-17
1102793680,matthewrice@example.org,1990-05-07
1102793681,cramsey@example.org,2010-01-26
1102793682,davidsonmichael@example.org,1910-05-18
1102793683,theresabarnes@example.com,1988-05-02
1102793684,tiffanycombs@example.net,1912-10-22
1102793685,gashley@example.com,1988-08-25
1102793686,rodriguezcharlotte@example.com,1952-12-13
1102793687,orichards@example.com,1948-03-09
1102793688,gardnermichael@example.net,1921-11-10
1102793689,medinarobert@example.org,2022-11-16
1102793690,vincent20@example.net,1908-06-30
1102793691,newmanvictoria@example.org,1963-08-12
1102793692,conniepeterson@example.org,1978-05-10
1102793693,veronica82@example.org,1915-10-01
1102793694,joanne68@example.com,1910-06-19
1102793695,monicarobertson@example.net,1941-12-20
1102793696,kathleenpalmer@example.net,1931-07-28
1102793697,linda40@example.org,1995-06-25
1102793698,smithdiane@example.org,1986-07-04
1102793699,katrina68@example.net,1937-03-10
1102793700,ibell@example.net,2013-03-26
1102793701,glong@example.com,2021-04-30
1102793702,johnsonmelissa@example.org,1958-10-05
1102793703,samuelmendoza@example.org,1916-12-11
1102793704,russellmorales@example.net,2011-08-16
1102793705,sergio13@example.org,1937-10-11
1102793706,johnstricia@example.com,1971-04-03
1102793707,heather67@example.com,1980-06-17
1102793708,gregoryyoung@example.org,2020-07-09
1102793709,adam93@example.com,2010-05-28
1102793710,williamskelly@example.org,1953-07-20
1102793711,dalton40@example.com,1948-02-05
1102793712,rochamichael@example.com,1962-04-23
1102793713,smithjason@example.com,1976-12-06
1102793714,eshort@example.com,2014-11-11
1102793715,mcollins@example.net,1976-09-16
1102793716,jeffery47@example.org,1982-10-05
1102793717,fostersuzanne@example.org,2003-10-25
1102793718,valeriepayne@example.org,1977-03-02
1102793719,wilsonsamantha@example.com,1929-08-24
1102793720,valdezjerry@example.net,1913-12-04
1102793721,carterlisa@example.com,1957-05-16
1102793722,nicolas55@example.org,1969-06-05
1102793723,vjones@example.org,2022-07-31
1102793724,fbishop@example.net,1953-01-18
1102793725,fbartlett@example.net,1991-06-13
1102793726,joshua91@example.net,1908-11-16
1102793727,angela21@example.com,1968-08-19
1102793728,agordon@example.net,1914-01-08
1102793729,amy26@example.org,1926-05-08
1102793730,rramos@example.org,1953-06-29
1102793731,jon27@example.net,1983-02-18
1102793732,proberts@example.net,1968-01-30
1102793733,ramirezkaren@example.net,2013-11-29
1102793734,yward@example.org,1986-11-11
1102793735,mendezsteven@example.org,1988-03-07
1102793736,jwillis@example.net,1968-11-08
1102793737,caitlin13@example.net,2016-04-29
1102793738,amber30@example.org,1985-11-06
1102793739,beckerjulie@example.org,1993-12-16
1102793740,stephanie31@example.org,1987-11-14
1102793741,kelly48@example.net,2001-07-09
1102793742,brandon87@example.com,1936-05-18
1102793743,williamgonzalez@example.net,1947-11-02
1102793744,fross@example.com,2013-08-14
1102793745,lhernandez@example.net,1931-06-25
1102793746,bruce30@example.org,1926-10-28
1102793747,mcintoshlawrence@example.net,1990-06-20
1102793748,yjohnson@example.org,1930-05-04
1102793749,darlene64@example.org,1965-09-07
1102793750,bryan16@example.org,1943-10-15
1102793751,sscott@example.net,1952-04-21
1102793752,shelleyharris@example.com,1988-05-27
1102793753,ngreen@example.net,1926-01-26
1102793754,steven29@example.com,1990-09-10
1102793755,charlesreed@example.com,1946-09-20
1102793756,elizabethdawson@example.net,1934-07-21
1102793757,maria20@example.net,1965-11-19
1102793758,gmorris@example.com,1972-04-01
1102793759,rebecca34@example.org,1914-09-14
1102793760,parkertracie@example.org,1973-07-19
1102793761,hughesdavid@example.org,2021-05-11
1102793762,lgordon@example.org,1973-06-12
1102793763,fclark@example.com,2016-02-21
1102793764,jonthomas@example.org,2007-12-01
1102793765,melissa33@example.net,1920-04-09
1102793766,qwoods@example.com,1943-09-20
1102793767,howardmeghan@example.com,1978-09-22
1102793768,catherine59@example.com,1936-08-09
1102793769,alvaradocharles@example.org,2013-09-14
1102793770,njacobs@example.net,1959-01-17
1102793771,jamie23@example.net,1959-02-15
1102793772,alvareznicole@example.org,1964-05-09
1102793773,jonathancooper@example.com,2014-03-05
1102793774,robertseric@example.com,2023-12-15
1102793775,samantha43@example.net,2005-04-26
1102793776,marcowilson@example.org,2014-10-12
1102793777,ebutler@example.net,1936-02-28
1102793778,tranhenry@example.com,1980-08-10
1102793779,ortegajennifer@example.net,1966-12-27
1102793780,john45@example.com,1939-11-17
1102793781,rcordova@example.net,1945-01-11
1102793782,smithronald@example.net,2003-08-21
1102793783,michaeltina@example.net,1989-12-20
1102793784,cantrellbrittany@example.org,1969-08-02
1102793785,karenrollins@example.net,1952-12-03
1102793786,gina87@example.com,2022-09-27
1102793787,dianerodgers@example.net,2013-07-24
1102793788,fishernoah@example.org,1974-10-07
1102793789,millertammy@example.org,1955-06-29
1102793790,james66@example.net,1951-01-22
1102793791,mariah50@example.com,1943-05-16
1102793792,brooksmatthew@example.com,2005-11-08
1102793793,marygolden@example.org,1985-08-28
1102793794,amber86@example.net,1987-05-26
1102793795,steven53@example.org,1956-11-18
1102793796,phansen@example.net,1951-11-07
1102793797,emilycole@example.org,2018-01-22
1102793798,david98@example.net,1932-07-22
1102793799,ysherman@example.com,1979-12-20
1102793800,olozano@example.org,2019-08-30
1102793801,ihawkins@example.com,2003-05-04
1102793802,ashley92@example.org,1976-05-02
1102793803,oliviazavala@example.org,1911-07-17
1102793804,christopher39@example.org,1937-11-28
1102793805,brandiwong@example.org,1921-09-25
1102793806,amy68@example.com,1961-06-17
1102793807,epatel@example.com,2019-05-25
1102793808,maureengrimes@example.org,1922-05-09
1102793809,jeanjones@example.net,1992-05-25
1102793810,luke99@example.org,1987-04-16
1102793811,fmccarthy@example.com,2020-04-03
1102793812,qjohnson@example.com,2002-03-02
1102793813,crussell@example.org,2009-05-11
1102793814,maureenbeck@example.net,1959-03-29
1102793815,currybrenda@example.net,1920-04-26
1102793816,hwatson@example.com,1994-06-15
1102793817,michael89@example.com,1962-12-08
1102793818,jacquelinegreen@example.net,1990-02-03
1102793819,ofischer@example.org,1954-02-28
1102793820,floresmargaret@example.com,2000-01-27
1102793821,holly14@example.org,1994-12-20
1102793822,charlestaylor@example.org,1912-08-26
1102793823,laurareynolds@example.com,2014-03-07
1102793824,danahernandez@example.net,1923-12-10
1102793825,reevesaaron@example.net,1954-07-05
1102793826,erussell@example.com,1976-08-13
